Test Case,Avg Dispersion,Avg Distance to Goal,Avg Clustering Coefficient,Num Flocks
test_031,185.69010248165566,4515.5932068968705,0.9473051235300594,12
test_baseline,37.505998868256626,73.65870145883619,0.9981316513299211,4
