Test Case,Avg Dispersion,Avg Offset,Avg Clustering Coefficient,Num Flocks
551.0651502346566,5115.5136017768145,0.8163222754653436,227
643.2581774485028,5055.874269569922,0.8059265277171244,206
