Test Case,Avg Dispersion,Avg Offset,Avg Clustering Coefficient,Num Flocks
test_baseline,25.103322596841856,6012.087191939482,0.9995841861425167,1
test_000,516.0053143769877,4343.715444730486,0.9356140668927402,6
test_001,844.7262485716948,4649.47035405547,0.8160574390794257,4
