Test Case,Avg Dispersion,Avg Distance to Goal,Avg Clustering Coefficient,Num Flocks
test_031,22.783597138771608,3483.6867024643193,0.9968379673654602,3
test_031,252.72069608394202,3500.2411673655424,0.9389909150372224,2
