Test Case,Avg Dispersion,Avg Distance to Goal,Avg Clustering Coefficient,Num Flocks
test_031,30.682337325307188,5538.366443201754,0.9968384396467688,3
test_baseline,37.119134758063694,168.6476076269095,0.9982922171168551,1
test_000,36.42392456963985,5004.800357817715,0.9964213186333509,8
test_031,32.64820453445981,5424.45117984397,0.997135456910855,4
