Test Case,Avg Dispersion,Avg Distance to Goal,Avg Clustering Coefficient,Num Flocks
test_031,25.4650666129061,5360.968300055936,0.9981005759726266,3
test_baseline,39.45925802138687,76.79617623253876,0.998205289692636,3
test_000,149.67214756324543,6663.926809114725,0.9725756854231802,7
